-- YM_GENERATED_ID
INSERT INTO YM_GENERATED_ID (KEY_NAME, VALUE) VALUES ('CATEGORY_NO_MAX', 13);
INSERT INTO YM_GENERATED_ID (KEY_NAME, VALUE) VALUES ('EVENT_NO_MAX', 22);
INSERT INTO YM_GENERATED_ID (KEY_NAME, VALUE) VALUES ('EVENTSET_NO_MAX', 3);
INSERT INTO YM_GENERATED_ID (KEY_NAME, VALUE) VALUES ('EVENTVIEW_NO_MAX', 1);
INSERT INTO YM_GENERATED_ID (KEY_NAME, VALUE) VALUES ('PARTY_NO_MAX', 1);
INSERT INTO YM_GENERATED_ID (KEY_NAME, VALUE) VALUES ('RELATION_NO_MAX', 20);
INSERT INTO YM_GENERATED_ID (KEY_NAME, VALUE) VALUES ('USER_NO_MAX', 5);

-- YM_USER
INSERT INTO YM_USER (USER_NO, USER_ID,  PASSWORD, PARTY,  ACCOUNT_GROUP, AUTH_MAP, DEL_FLG, AUTH_REGIST_USER, AUTH_REGIST_TIME, VERSION_NO)
VALUES (1, 'U00001', '9f86d081884c7d659a2feaa0c55ad015a3bf4f1b2b0b822cd15d6c15b0f00a08', 1, 'adminGroup', '11111111111111111', '0', 1, current_timestamp, 1);

-- YM_PREFECTURE
INSERT INTO YM_PREFECTURE (PREFECTURE_NO, NAME, DEL_FLG) VALUES (1, '北海道', '0');
INSERT INTO YM_PREFECTURE (PREFECTURE_NO, NAME, DEL_FLG) VALUES (2, '青森県', '0');
INSERT INTO YM_PREFECTURE (PREFECTURE_NO, NAME, DEL_FLG) VALUES (3, '岩手県', '0');
INSERT INTO YM_PREFECTURE (PREFECTURE_NO, NAME, DEL_FLG) VALUES (4, '宮城県', '0');
INSERT INTO YM_PREFECTURE (PREFECTURE_NO, NAME, DEL_FLG) VALUES (5, '秋田県', '0');
INSERT INTO YM_PREFECTURE (PREFECTURE_NO, NAME, DEL_FLG) VALUES (6, '山形県', '0');
INSERT INTO YM_PREFECTURE (PREFECTURE_NO, NAME, DEL_FLG) VALUES (7, '福島県', '0');
INSERT INTO YM_PREFECTURE (PREFECTURE_NO, NAME, DEL_FLG) VALUES (8, '茨城県', '0');
INSERT INTO YM_PREFECTURE (PREFECTURE_NO, NAME, DEL_FLG) VALUES (9, '栃木県', '0');
INSERT INTO YM_PREFECTURE (PREFECTURE_NO, NAME, DEL_FLG) VALUES (10, '群馬県', '0');
INSERT INTO YM_PREFECTURE (PREFECTURE_NO, NAME, DEL_FLG) VALUES (11, '埼玉県', '0');
INSERT INTO YM_PREFECTURE (PREFECTURE_NO, NAME, DEL_FLG) VALUES (12, '千葉県', '0');
INSERT INTO YM_PREFECTURE (PREFECTURE_NO, NAME, DEL_FLG) VALUES (13, '東京都', '0');
INSERT INTO YM_PREFECTURE (PREFECTURE_NO, NAME, DEL_FLG) VALUES (14, '神奈川県', '0');
INSERT INTO YM_PREFECTURE (PREFECTURE_NO, NAME, DEL_FLG) VALUES (15, '新潟県', '0');
INSERT INTO YM_PREFECTURE (PREFECTURE_NO, NAME, DEL_FLG) VALUES (16, '富山県', '0');
INSERT INTO YM_PREFECTURE (PREFECTURE_NO, NAME, DEL_FLG) VALUES (17, '石川県', '0');
INSERT INTO YM_PREFECTURE (PREFECTURE_NO, NAME, DEL_FLG) VALUES (18, '福井県', '0');
INSERT INTO YM_PREFECTURE (PREFECTURE_NO, NAME, DEL_FLG) VALUES (19, '山梨県', '0');
INSERT INTO YM_PREFECTURE (PREFECTURE_NO, NAME, DEL_FLG) VALUES (20, '長野県', '0');
INSERT INTO YM_PREFECTURE (PREFECTURE_NO, NAME, DEL_FLG) VALUES (21, '岐阜県', '0');
INSERT INTO YM_PREFECTURE (PREFECTURE_NO, NAME, DEL_FLG) VALUES (22, '静岡県', '0');
INSERT INTO YM_PREFECTURE (PREFECTURE_NO, NAME, DEL_FLG) VALUES (23, '愛知県', '0');
INSERT INTO YM_PREFECTURE (PREFECTURE_NO, NAME, DEL_FLG) VALUES (24, '三重県', '0');
INSERT INTO YM_PREFECTURE (PREFECTURE_NO, NAME, DEL_FLG) VALUES (25, '滋賀県', '0');
INSERT INTO YM_PREFECTURE (PREFECTURE_NO, NAME, DEL_FLG) VALUES (26, '京都府', '0');
INSERT INTO YM_PREFECTURE (PREFECTURE_NO, NAME, DEL_FLG) VALUES (27, '大阪府', '0');
INSERT INTO YM_PREFECTURE (PREFECTURE_NO, NAME, DEL_FLG) VALUES (28, '兵庫県', '0');
INSERT INTO YM_PREFECTURE (PREFECTURE_NO, NAME, DEL_FLG) VALUES (29, '奈良県', '0');
INSERT INTO YM_PREFECTURE (PREFECTURE_NO, NAME, DEL_FLG) VALUES (30, '和歌山県', '0');
INSERT INTO YM_PREFECTURE (PREFECTURE_NO, NAME, DEL_FLG) VALUES (31, '鳥取県', '0');
INSERT INTO YM_PREFECTURE (PREFECTURE_NO, NAME, DEL_FLG) VALUES (32, '島根県', '0');
INSERT INTO YM_PREFECTURE (PREFECTURE_NO, NAME, DEL_FLG) VALUES (33, '岡山県', '0');
INSERT INTO YM_PREFECTURE (PREFECTURE_NO, NAME, DEL_FLG) VALUES (34, '広島県', '0');
INSERT INTO YM_PREFECTURE (PREFECTURE_NO, NAME, DEL_FLG) VALUES (35, '山口県', '0');
INSERT INTO YM_PREFECTURE (PREFECTURE_NO, NAME, DEL_FLG) VALUES (36, '徳島県', '0');
INSERT INTO YM_PREFECTURE (PREFECTURE_NO, NAME, DEL_FLG) VALUES (37, '香川県', '0');
INSERT INTO YM_PREFECTURE (PREFECTURE_NO, NAME, DEL_FLG) VALUES (38, '愛媛県', '0');
INSERT INTO YM_PREFECTURE (PREFECTURE_NO, NAME, DEL_FLG) VALUES (39, '高知県', '0');
INSERT INTO YM_PREFECTURE (PREFECTURE_NO, NAME, DEL_FLG) VALUES (40, '福岡県', '0');
INSERT INTO YM_PREFECTURE (PREFECTURE_NO, NAME, DEL_FLG) VALUES (41, '佐賀県', '0');
INSERT INTO YM_PREFECTURE (PREFECTURE_NO, NAME, DEL_FLG) VALUES (42, '長崎県', '0');
INSERT INTO YM_PREFECTURE (PREFECTURE_NO, NAME, DEL_FLG) VALUES (43, '熊本県', '0');
INSERT INTO YM_PREFECTURE (PREFECTURE_NO, NAME, DEL_FLG) VALUES (44, '大分県', '0');
INSERT INTO YM_PREFECTURE (PREFECTURE_NO, NAME, DEL_FLG) VALUES (45, '宮崎県', '0');
INSERT INTO YM_PREFECTURE (PREFECTURE_NO, NAME, DEL_FLG) VALUES (46, '鹿児島県', '0');
INSERT INTO YM_PREFECTURE (PREFECTURE_NO, NAME, DEL_FLG) VALUES (47, '沖縄県', '0');

-- YM_ORG_CATEGORY
INSERT INTO YM_ORG_CATEGORY (CATEGORY_NO, NAME, PARTY_TYPE, DEL_FLG) VALUES (1, '世帯', '2', '0');
INSERT INTO YM_ORG_CATEGORY (CATEGORY_NO, NAME, PARTY_TYPE, DEL_FLG) VALUES (2, '事業所', '2', '0');
INSERT INTO YM_ORG_CATEGORY (CATEGORY_NO, NAME, PARTY_TYPE, DEL_FLG) VALUES (3, '部門', '2', '0');
INSERT INTO YM_ORG_CATEGORY (CATEGORY_NO, NAME, PARTY_TYPE, DEL_FLG) VALUES (101, '株式会社', '3', '0');
INSERT INTO YM_ORG_CATEGORY (CATEGORY_NO, NAME, PARTY_TYPE, DEL_FLG) VALUES (102, '有限会社', '3', '0');
INSERT INTO YM_ORG_CATEGORY (CATEGORY_NO, NAME, PARTY_TYPE, DEL_FLG) VALUES (103, '合同会社', '3', '0');
INSERT INTO YM_ORG_CATEGORY (CATEGORY_NO, NAME, PARTY_TYPE, DEL_FLG) VALUES (104, '有限責任事業組合', '3', '0');
INSERT INTO YM_ORG_CATEGORY (CATEGORY_NO, NAME, PARTY_TYPE, DEL_FLG) VALUES (105, '合資会社', '3', '0');
INSERT INTO YM_ORG_CATEGORY (CATEGORY_NO, NAME, PARTY_TYPE, DEL_FLG) VALUES (106, '合名会社', '3', '0');
INSERT INTO YM_ORG_CATEGORY (CATEGORY_NO, NAME, PARTY_TYPE, DEL_FLG) VALUES (107, '外国会社', '3', '0');
INSERT INTO YM_ORG_CATEGORY (CATEGORY_NO, NAME, PARTY_TYPE, DEL_FLG) VALUES (108, '特定目的会社', '3', '0');
INSERT INTO YM_ORG_CATEGORY (CATEGORY_NO, NAME, PARTY_TYPE, DEL_FLG) VALUES (109, '投資法人', '3', '0');
INSERT INTO YM_ORG_CATEGORY (CATEGORY_NO, NAME, PARTY_TYPE, DEL_FLG) VALUES (110, '士業法に基づく法人', '3', '0');
INSERT INTO YM_ORG_CATEGORY (CATEGORY_NO, NAME, PARTY_TYPE, DEL_FLG) VALUES (111, '一般社団法人', '3', '0');
INSERT INTO YM_ORG_CATEGORY (CATEGORY_NO, NAME, PARTY_TYPE, DEL_FLG) VALUES (112, '一般財団法人', '3', '0');
INSERT INTO YM_ORG_CATEGORY (CATEGORY_NO, NAME, PARTY_TYPE, DEL_FLG) VALUES (113, '公益社団法人', '3', '0');
INSERT INTO YM_ORG_CATEGORY (CATEGORY_NO, NAME, PARTY_TYPE, DEL_FLG) VALUES (114, '公益財団法人', '3', '0');
INSERT INTO YM_ORG_CATEGORY (CATEGORY_NO, NAME, PARTY_TYPE, DEL_FLG) VALUES (115, '特例民法法人', '3', '0');
INSERT INTO YM_ORG_CATEGORY (CATEGORY_NO, NAME, PARTY_TYPE, DEL_FLG) VALUES (116, '学校法人', '3', '0');
INSERT INTO YM_ORG_CATEGORY (CATEGORY_NO, NAME, PARTY_TYPE, DEL_FLG) VALUES (117, '宗教法人', '3', '0');
INSERT INTO YM_ORG_CATEGORY (CATEGORY_NO, NAME, PARTY_TYPE, DEL_FLG) VALUES (118, '医療法人', '3', '0');
INSERT INTO YM_ORG_CATEGORY (CATEGORY_NO, NAME, PARTY_TYPE, DEL_FLG) VALUES (119, '社会福祉法人', '3', '0');
INSERT INTO YM_ORG_CATEGORY (CATEGORY_NO, NAME, PARTY_TYPE, DEL_FLG) VALUES (120, '職業訓練法人', '3', '0');
INSERT INTO YM_ORG_CATEGORY (CATEGORY_NO, NAME, PARTY_TYPE, DEL_FLG) VALUES (121, '特定非営利活動法人', '3', '0');
INSERT INTO YM_ORG_CATEGORY (CATEGORY_NO, NAME, PARTY_TYPE, DEL_FLG) VALUES (122, '協同組合', '3', '0');
INSERT INTO YM_ORG_CATEGORY (CATEGORY_NO, NAME, PARTY_TYPE, DEL_FLG) VALUES (123, '相互会社', '3', '0');
INSERT INTO YM_ORG_CATEGORY (CATEGORY_NO, NAME, PARTY_TYPE, DEL_FLG) VALUES (124, '商工会', '3', '0');
INSERT INTO YM_ORG_CATEGORY (CATEGORY_NO, NAME, PARTY_TYPE, DEL_FLG) VALUES (125, '商工会議所', '3', '0');
INSERT INTO YM_ORG_CATEGORY (CATEGORY_NO, NAME, PARTY_TYPE, DEL_FLG) VALUES (126, '商店街振興組合', '3', '0');
INSERT INTO YM_ORG_CATEGORY (CATEGORY_NO, NAME, PARTY_TYPE, DEL_FLG) VALUES (127, '農住組合', '3', '0');
INSERT INTO YM_ORG_CATEGORY (CATEGORY_NO, NAME, PARTY_TYPE, DEL_FLG) VALUES (128, '森林組合', '3', '0');
INSERT INTO YM_ORG_CATEGORY (CATEGORY_NO, NAME, PARTY_TYPE, DEL_FLG) VALUES (129, '健康保険基金', '3', '0');
INSERT INTO YM_ORG_CATEGORY (CATEGORY_NO, NAME, PARTY_TYPE, DEL_FLG) VALUES (130, '国民健康保険組合', '3', '0');
INSERT INTO YM_ORG_CATEGORY (CATEGORY_NO, NAME, PARTY_TYPE, DEL_FLG) VALUES (131, '国', '3', '0');
INSERT INTO YM_ORG_CATEGORY (CATEGORY_NO, NAME, PARTY_TYPE, DEL_FLG) VALUES (132, '地方公共団体', '3', '0');
INSERT INTO YM_ORG_CATEGORY (CATEGORY_NO, NAME, PARTY_TYPE, DEL_FLG) VALUES (133, '公団', '3', '0');
INSERT INTO YM_ORG_CATEGORY (CATEGORY_NO, NAME, PARTY_TYPE, DEL_FLG) VALUES (134, '公庫', '3', '0');
INSERT INTO YM_ORG_CATEGORY (CATEGORY_NO, NAME, PARTY_TYPE, DEL_FLG) VALUES (135, '公社', '3', '0');
INSERT INTO YM_ORG_CATEGORY (CATEGORY_NO, NAME, PARTY_TYPE, DEL_FLG) VALUES (136, '公共組合', '3', '0');
INSERT INTO YM_ORG_CATEGORY (CATEGORY_NO, NAME, PARTY_TYPE, DEL_FLG) VALUES (137, '営造物法人', '3', '0');
INSERT INTO YM_ORG_CATEGORY (CATEGORY_NO, NAME, PARTY_TYPE, DEL_FLG) VALUES (138, '独立行政法人', '3', '0');
INSERT INTO YM_ORG_CATEGORY (CATEGORY_NO, NAME, PARTY_TYPE, DEL_FLG) VALUES (139, '地方独立行政法人', '3', '0');
INSERT INTO YM_ORG_CATEGORY (CATEGORY_NO, NAME, PARTY_TYPE, DEL_FLG) VALUES (140, '認可法人', '3', '0');
INSERT INTO YM_ORG_CATEGORY (CATEGORY_NO, NAME, PARTY_TYPE, DEL_FLG) VALUES (141, '特別民間法人', '3', '0');

-- YM_GOODS_CATEGORY
INSERT INTO YM_GOODS_CATEGORY (CATEGORY_NO, NAME, NAME_KANA, DEL_FLG, REGIST_USER, REGIST_TIME, VERSION_NO) VALUES (1, '在庫', 'ざいこ', '0', 4, current_timestamp, 1);
INSERT INTO YM_GOODS_CATEGORY (CATEGORY_NO, NAME, NAME_KANA, DEL_FLG, REGIST_USER, REGIST_TIME, VERSION_NO) VALUES (2, '倉庫', 'そうこ', '0', 4, current_timestamp, 1);
INSERT INTO YM_GOODS_CATEGORY (CATEGORY_NO, NAME, NAME_KANA, DEL_FLG, REGIST_USER, REGIST_TIME, VERSION_NO) VALUES (3, '施設', 'しせつ', '0', 4, current_timestamp, 1);
INSERT INTO YM_GOODS_CATEGORY (CATEGORY_NO, NAME, NAME_KANA, DEL_FLG, REGIST_USER, REGIST_TIME, VERSION_NO) VALUES (4, '機械', 'きかい', '0', 4, current_timestamp, 1);
INSERT INTO YM_GOODS_CATEGORY (CATEGORY_NO, NAME, NAME_KANA, DEL_FLG, REGIST_USER, REGIST_TIME, VERSION_NO) VALUES (5, '器具', 'きぐ', '0', 4, current_timestamp, 1);
INSERT INTO YM_GOODS_CATEGORY (CATEGORY_NO, NAME, NAME_KANA, DEL_FLG, REGIST_USER, REGIST_TIME, VERSION_NO) VALUES (6, '車', 'くるま', '0', 4, current_timestamp, 1);
INSERT INTO YM_GOODS_CATEGORY (CATEGORY_NO, NAME, NAME_KANA, DEL_FLG, REGIST_USER, REGIST_TIME, VERSION_NO) VALUES (7, '備品', 'びひん', '0', 4, current_timestamp, 1);
INSERT INTO YM_GOODS_CATEGORY (CATEGORY_NO, NAME, NAME_KANA, PARENT_CATEGORY, DEL_FLG, REGIST_USER, REGIST_TIME, VERSION_NO) VALUES (8, '事務用品', 'じむようひん', 7, '0', 4, current_timestamp, 1);

-- YM_PARTY
INSERT INTO YM_PARTY (PARTY_NO, PARTY_TYPE, NAME, NAME_KANA, ZIP_CODE, PREFECTURE, CITY, ADDRESS1, ADDRESS2, LAST_NAME, FIRST_NAME, LAST_NAME_KANA, FIRST_NAME_KANA, GENDER, DEL_FLG, UPDATE_USER, UPDATE_TIME, VERSION_NO) VALUES (1, '1', '管理者 太郎', 'かんりしゃ たろう', '182-0034', 13, '調布市', '下石原3-12-2', 'ベアーマンション303', '管理者', '太郎', 'かんりしゃ', 'たろう', 1, '0', 4, current_timestamp, 5);
INSERT INTO YM_PARTY (PARTY_NO, PARTY_TYPE, NAME, NAME_KANA, ZIP_CODE, PREFECTURE, CITY, ADDRESS1, ADDRESS2, PHONE_NO, MAIL_ADDRESS1, START_DATE, CATEGORY, PERSON_COUNT, URL, CAPITAL, ACCOUNT_MONTH, DEL_FLG, UPDATE_USER, UPATE_TIME, VERSION_NO) VALUES (2, '3', '有限会社テスト', 'ゆうげんがいしゃてすと', '182-0034', 13, '調布市', '下石原3-12-2', 'ベアーマンション303', '042-486-5832', 'support@bitfarm.co.jp', '2004-10-14', 102, 1, 'http://www.bitfarm.co.jp/', 1000000, 9, '0', 1, current_timestamp, 8);
INSERT INTO YM_PARTY (PARTY_NO, PARTY_TYPE, NAME, NAME_KANA, ZIP_CODE, PREFECTURE, CITY, MEMO, CATEGORY, DEL_FLG, UPDATE_USER, UPDATE_TIME, VERSION_NO) VALUES (3, '2', '総務部', 'そうむぶ', '182-0034', 13, '調布市', '&lt;p&gt;株式会社四ツ谷商事の総務部。&lt;/p&gt;&lt;p&gt;現在の総務部長は渋谷道雄。&lt;/p&gt;', 3, '0', 1, current_timestamp, 7);
INSERT INTO YM_PARTY (PARTY_NO, PARTY_TYPE, NAME, NAME_KANA, PREFECTURE, CITY, ADDRESS1, LAST_NAME, FIRST_NAME, LAST_NAME_KANA, FIRST_NAME_KANA, GENDER, DEL_FLG, REGIST_USER, REGIST_TIME, VERSION_NO) VALUES (4, '1', '大崎 一郎', 'おおさき いちろう', 13, '品川区', '大崎１丁目', '大崎', '一郎', 'おおさき', 'いちろう', 1, '0', 1, current_timestamp, 1);
INSERT INTO YM_PARTY (PARTY_NO, PARTY_TYPE, NAME, NAME_KANA, PREFECTURE, CITY, ADDRESS1, LAST_NAME, FIRST_NAME, LAST_NAME_KANA, FIRST_NAME_KANA, GENDER, DEL_FLG, REGIST_USER, REGIST_TIME, VERSION_NO) VALUES (5, '1', '五反田 花子', 'ごたんだ はなこ', 13, '品川区', '東五反田1丁目', '五反田', '花子', 'ごたんだ', 'はなこ', 2, '0', 1, current_timestamp, 1);
INSERT INTO YM_PARTY (PARTY_NO, PARTY_TYPE, NAME, NAME_KANA, PREFECTURE, CITY, ADDRESS1, LAST_NAME, FIRST_NAME, LAST_NAME_KANA, FIRST_NAME_KANA, GENDER, DEL_FLG, REGIST_USER, REGIST_TIME, VERSION_NO) VALUES (6, '1', '目黒 洋一', 'めぐろ よういち', 13, '品川区', '上大崎2丁目', '目黒', '洋一', 'めぐろ', 'よういち', 1, '0', 1, current_timestamp, 1);
INSERT INTO YM_PARTY (PARTY_NO, PARTY_TYPE, NAME, NAME_KANA, PREFECTURE, CITY, ADDRESS1, LAST_NAME, FIRST_NAME, LAST_NAME_KANA, FIRST_NAME_KANA, GENDER, DEL_FLG, REGIST_USER, REGIST_TIME, VERSION_NO) VALUES (7, '1', '恵比寿 恵子', 'えびす けいこ', 13, '渋谷区', '恵比寿南1丁目', '恵比寿', '恵子', 'えびす', 'けいこ', 2, '0', 1, current_timestamp, 1);
INSERT INTO YM_PARTY (PARTY_NO, PARTY_TYPE, NAME, NAME_KANA, PREFECTURE, CITY, ADDRESS1, MEMO, LAST_NAME, FIRST_NAME, LAST_NAME_KANA, FIRST_NAME_KANA, GENDER, DEL_FLG, REGIST_USER, REGIST_TIME, UPDATE_USER, UPDATE_TIME, VERSION_NO) VALUES (8, '1', '渋谷 道雄', 'しぶや みちお', 13, '渋谷区', '道玄坂1丁目', '株式会社四ツ谷商事総務部長。&lt;br&gt;趣味は&lt;span style=&quot;background-color: #ffff00;&quot;&gt;カラオケ&lt;/span&gt;と&lt;span style=&quot;background-color: #80ffc0; color: #111111;&quot;&gt;ゴルフ&lt;/span&gt;。&lt;br&gt;どちらも&lt;strong&gt;&lt;span style=&quot;color: #ff00ff; font-size: 20px;&quot;&gt;あまりうまくない&lt;/span&gt;&lt;/strong&gt;。', '渋谷', '道雄', 'しぶや', 'みちお', 1, '0', 1, current_timestamp, 1, current_timestamp, 3);
INSERT INTO YM_PARTY (PARTY_NO, PARTY_TYPE, NAME, NAME_KANA, PREFECTURE, CITY, ADDRESS1, LAST_NAME, FIRST_NAME, LAST_NAME_KANA, FIRST_NAME_KANA, GENDER, DEL_FLG, REGIST_USER, REGIST_TIME, VERSION_NO) VALUES (9, '1', '原宿 直子', 'はらじゅく なおこ', 13, '渋谷区', '神宮前1丁目', '原宿', '直子', 'はらじゅく', 'なおこ', 2, '0', 1, current_timestamp, 1);
INSERT INTO YM_PARTY (PARTY_NO, PARTY_TYPE, NAME, NAME_KANA, PREFECTURE, CITY, ADDRESS1, LAST_NAME, FIRST_NAME, LAST_NAME_KANA, FIRST_NAME_KANA, GENDER, DEL_FLG, REGIST_USER, REGIST_TIME, VERSION_NO) VALUES (10, '1', '代々木 公男', 'よよぎ きみお', 13, '渋谷区', '代々木1丁目', '代々木', '公男', 'よよぎ', 'きみお', 1, '0', 1, current_timestamp, 1);
INSERT INTO YM_PARTY (PARTY_NO, PARTY_TYPE, NAME, NAME_KANA, PREFECTURE, CITY, ADDRESS1, LAST_NAME, FIRST_NAME, LAST_NAME_KANA, FIRST_NAME_KANA, GENDER, DEL_FLG, REGIST_USER, REGIST_TIME, UPDATE_USER, UPDATE_TIME, VERSION_NO) VALUES (11, '1', '新宿 和美', 'しんじゅく かずみ', 13, '新宿区', '新宿3丁目', '新宿', '和美', 'しんじゅく', 'かずみ', 2, '0', 1, current_timestamp, 1, current_timestamp, 2);
INSERT INTO YM_PARTY (PARTY_NO, PARTY_TYPE, NAME, NAME_KANA, PREFECTURE, CITY, ADDRESS1, LAST_NAME, FIRST_NAME, LAST_NAME_KANA, FIRST_NAME_KANA, GENDER, DEL_FLG, REGIST_USER, REGIST_TIME, VERSION_NO) VALUES (12, '1', '新大久保 保雄', 'しんおおくぼ やすお', 13, '新宿区', '百人町１丁目', '新大久保', '保雄', 'しんおおくぼ', 'やすお', 1, '0', 1, current_timestamp, 1);
INSERT INTO YM_PARTY (PARTY_NO, PARTY_TYPE, NAME, NAME_KANA, PREFECTURE, CITY, ADDRESS1, LAST_NAME, FIRST_NAME, LAST_NAME_KANA, FIRST_NAME_KANA, GENDER, DEL_FLG, REGIST_USER, REGIST_TIME, VERSION_NO) VALUES (13, '1', '高田馬場 馬子', 'たかだのばば うまこ', 13, '新宿区', '高田馬場１丁目', '高田馬場', '馬子', 'たかだのばば', 'うまこ', 2, '0', 1, current_timestamp, 1);
INSERT INTO YM_PARTY (PARTY_NO, PARTY_TYPE, NAME, NAME_KANA, PREFECTURE, CITY, ADDRESS1, LAST_NAME, FIRST_NAME, LAST_NAME_KANA, FIRST_NAME_KANA, GENDER, DEL_FLG, REGIST_USER, REGIST_TIME, VERSION_NO) VALUES (14, '1', '目白 明', 'めじろ あきら', 13, '豊島区', '目白3丁目', '目白', '明', 'めじろ', 'あきら', 1, '0', 1, current_timestamp, 1);
INSERT INTO YM_PARTY (PARTY_NO, PARTY_TYPE, NAME, NAME_KANA, PREFECTURE, CITY, ADDRESS1, LAST_NAME, FIRST_NAME, LAST_NAME_KANA, FIRST_NAME_KANA, GENDER, DEL_FLG, REGIST_USER, REGIST_TIME, VERSION_NO) VALUES (15, '1', '池袋 美恵子', 'いけぶくろ みえこ', 13, '豊島区', '南池袋1丁目', '池袋', '美恵子', 'いけぶくろ', 'みえこ', 2, '0', 1, current_timestamp, 1);
INSERT INTO YM_PARTY (PARTY_NO, PARTY_TYPE, NAME, NAME_KANA, PREFECTURE, CITY, ADDRESS1, START_DATE, LAST_NAME, FIRST_NAME, LAST_NAME_KANA, FIRST_NAME_KANA, GENDER, DEL_FLG, REGIST_USER, REGIST_TIME, UPDATE_USER, UPDATE_TIME, VERSION_NO) VALUES (16, '1', '大塚 秀樹', 'おおつか ひでき', 13, '豊島区', '南大塚3丁目', '1973-07-03', '大塚', '秀樹', 'おおつか', 'ひでき', 1, '0', 1, current_timestamp, 1, current_timestamp, 2);
INSERT INTO YM_PARTY (PARTY_NO, PARTY_TYPE, NAME, NAME_KANA, PREFECTURE, CITY, ADDRESS1, LAST_NAME, FIRST_NAME, LAST_NAME_KANA, FIRST_NAME_KANA, GENDER, DEL_FLG, REGIST_USER, REGIST_TIME, VERSION_NO) VALUES (17, '1', '巣鴨 愛', 'すがも あい', 13, '豊島区', '巣鴨1丁目', '巣鴨', '愛', 'すがも', 'あい', 2, '0', 1, current_timestamp, 1);
INSERT INTO YM_PARTY (PARTY_NO, PARTY_TYPE, NAME, NAME_KANA, PREFECTURE, CITY, ADDRESS1, LAST_NAME, FIRST_NAME, LAST_NAME_KANA, FIRST_NAME_KANA, GENDER, DEL_FLG, REGIST_USER, REGIST_TIME, VERSION_NO) VALUES (18, '1', '駒込 辰夫', 'こまごめ たつお', 13, '豊島区', '駒込2丁目', '駒込', '辰夫', 'こまごめ', 'たつお', 1, '0', 1, current_timestamp, 1);
INSERT INTO YM_PARTY (PARTY_NO, PARTY_TYPE, NAME, NAME_KANA, PREFECTURE, CITY, ADDRESS1, LAST_NAME, FIRST_NAME, LAST_NAME_KANA, FIRST_NAME_KANA, GENDER, DEL_FLG, REGIST_USER, REGIST_TIME, VERSION_NO) VALUES (19, '1', '田端 道子', 'たばた みちこ', 13, '北区', '東田端1丁目', '田端', '道子', 'たばた', 'みちこ', 2, '0', 1, current_timestamp, 1);
INSERT INTO YM_PARTY (PARTY_NO, PARTY_TYPE, NAME, NAME_KANA, PREFECTURE, CITY, ADDRESS1, LAST_NAME, FIRST_NAME, LAST_NAME_KANA, FIRST_NAME_KANA, GENDER, DEL_FLG, REGIST_USER, REGIST_TIME, VERSION_NO) VALUES (20, '1', '西日暮里 政幸', 'にしにっぽり まさゆき', 13, '荒川区', '西日暮里5丁目', '西日暮里', '政幸', 'にしにっぽり', 'まさゆき', 1, '0', 1, current_timestamp, 1);
INSERT INTO YM_PARTY (PARTY_NO, PARTY_TYPE, NAME, NAME_KANA, PREFECTURE, CITY, ADDRESS1, MEMO, LAST_NAME, FIRST_NAME, LAST_NAME_KANA, FIRST_NAME_KANA, GENDER, DEL_FLG, REGIST_USER, REGIST_TIME, UPDATE_USER, UPDATE_TIME, VERSION_NO) VALUES (21, '1', '鶯谷 歌子', 'うぐいすだに うたこ', 13, '台東区', '根岸1丁目', '歌がうまい。&lt;br&gt;ウグイスのような声。', '鶯谷', '歌子', 'うぐいすだに', 'うたこ', 2, '0', 1, current_timestamp, 1, current_timestamp, 2);
INSERT INTO YM_PARTY (PARTY_NO, PARTY_TYPE, NAME, NAME_KANA, PREFECTURE, CITY, ADDRESS1, LAST_NAME, FIRST_NAME, LAST_NAME_KANA, FIRST_NAME_KANA, GENDER, DEL_FLG, REGIST_USER, REGIST_TIME, VERSION_NO) VALUES (22, '1', '上野 康文', 'うえの やすふみ', 13, '台東区', '上野7丁目', '上野', '康文', 'うえの', 'やすふみ', 1, '0', 1, current_timestamp, 1);
INSERT INTO YM_PARTY (PARTY_NO, PARTY_TYPE, NAME, NAME_KANA, PREFECTURE, CITY, ADDRESS1, LAST_NAME, FIRST_NAME, LAST_NAME_KANA, FIRST_NAME_KANA, GENDER, DEL_FLG, REGIST_USER, REGIST_TIME, VERSION_NO) VALUES (23, '1', '御徒町 寛子', 'おかちまち ひろこ', 13, '台東区', '上野5丁目', '御徒町', '寛子', 'おかちまち', 'ひろこ', 2, '0', 1, current_timestamp, 1);
INSERT INTO YM_PARTY (PARTY_NO, PARTY_TYPE, NAME, NAME_KANA, PREFECTURE, CITY, ADDRESS1, MAIL_ADDRESS1, MAIL_ADDRESS2, START_DATE, MEMO, LAST_NAME, FIRST_NAME, LAST_NAME_KANA, FIRST_NAME_KANA, GENDER, DEL_FLG, REGIST_USER, REGIST_TIME, UPDATE_USER, UPDATE_TIME, VERSION_NO) VALUES (24, '1', '秋葉原 賢治', 'あきはばら けんじ', 13, '千代田区', '外神田1丁目', 'akihabara@mail.com', 'kenji@akiba.co.jp', '1975-06-02', '&lt;p&gt;趣味&lt;/p&gt;&lt;ul&gt;&lt;li&gt;プロモデル&lt;/li&gt;&lt;li&gt;マンガ&lt;/li&gt;&lt;/ul&gt;&lt;p&gt;特技&lt;/p&gt;&lt;ul&gt;&lt;li&gt;&lt;span style=&quot;color:#EE82EE&quot;&gt;&lt;strong&gt;似顔絵&lt;/strong&gt;&lt;/span&gt;を描くのがうまい。&lt;/li&gt;&lt;li&gt;歴代の&lt;em&gt;ウルトラマン&lt;/em&gt;をすべて言うことができる。&lt;/li&gt;&lt;/ul&gt;&lt;p&gt;座右の銘&lt;/p&gt;&lt;blockquote&gt;&lt;p&gt;君は君、僕は僕。&lt;/p&gt;&lt;/blockquote&gt;', '秋葉原', '賢治', 'あきはばら', 'けんじ', 1, '0', 1, current_timestamp, 1, current_timestamp, 6);
INSERT INTO YM_PARTY (PARTY_NO, PARTY_TYPE, NAME, NAME_KANA, PREFECTURE, CITY, ADDRESS1, LAST_NAME, FIRST_NAME, LAST_NAME_KANA, FIRST_NAME_KANA, GENDER, DEL_FLG, REGIST_USER, REGIST_TIME, VERSION_NO) VALUES (25, '1', '神田 真由美', 'かんだ まゆみ', 13, '千代田区', '鍛冶町2丁目', '神田', '真由美', 'かんだ', 'まゆみ', 2, '0', 1, current_timestamp, 1);
INSERT INTO YM_PARTY (PARTY_NO, PARTY_TYPE, NAME, NAME_KANA, PREFECTURE, CITY, ADDRESS1, LAST_NAME, FIRST_NAME, LAST_NAME_KANA, FIRST_NAME_KANA, GENDER, DEL_FLG, REGIST_USER, REGIST_TIME, VERSION_NO) VALUES (26, '1', '東京 徹', 'とうきょう とおる', 13, '千代田区', '丸の内1丁目', '東京', '徹', 'とうきょう', 'とおる', 1, '0', 1, current_timestamp, 1);
INSERT INTO YM_PARTY (PARTY_NO, PARTY_TYPE, NAME, NAME_KANA, PREFECTURE, CITY, ADDRESS1, LAST_NAME, FIRST_NAME, LAST_NAME_KANA, FIRST_NAME_KANA, GENDER, DEL_FLG, REGIST_USER, REGIST_TIME, VERSION_NO) VALUES (27, '1', '有楽町 雅子', 'ゆうらくちょう まさこ', 13, '千代田区', '有楽町2丁目', '有楽町', '雅子', 'ゆうらくちょう', 'まさこ', 2, '0', 1, current_timestamp, 1);
INSERT INTO YM_PARTY (PARTY_NO, PARTY_TYPE, NAME, NAME_KANA, PREFECTURE, CITY, ADDRESS1, LAST_NAME, FIRST_NAME, LAST_NAME_KANA, FIRST_NAME_KANA, GENDER, DEL_FLG, REGIST_USER, REGIST_TIME, VERSION_NO) VALUES (28, '1', '新橋 哲也', 'しんばし てつや', 13, '港区', '新橋2丁目', '新橋', '哲也', 'しんばし', 'てつや', 1, '0', 1, current_timestamp, 1);
INSERT INTO YM_PARTY (PARTY_NO, PARTY_TYPE, NAME, NAME_KANA, PREFECTURE, CITY, ADDRESS1, LAST_NAME, FIRST_NAME, LAST_NAME_KANA, FIRST_NAME_KANA, GENDER, DEL_FLG, REGIST_USER, REGIST_TIME, UPDATE_USER, UPDATE_TIME, VERSION_NO) VALUES (29, '1', '浜松町 萌', 'はままつちょう もえ', 13, '港区', '海岸1丁目', '浜松町', '萌', 'はままつちょう', 'もえ', 2, '0', 1, current_timestamp, 1, current_timestamp, 2);
INSERT INTO YM_PARTY (PARTY_NO, PARTY_TYPE, NAME, NAME_KANA, PREFECTURE, CITY, ADDRESS1, LAST_NAME, FIRST_NAME, LAST_NAME_KANA, FIRST_NAME_KANA, GENDER, DEL_FLG, REGIST_USER, REGIST_TIME, VERSION_NO) VALUES (30, '1', '田町 学', 'たまち まなぶ', 13, '港区', '芝5丁目', '田町', '学', 'たまち', 'まなぶ', 1, '0', 1, current_timestamp, 1);
INSERT INTO YM_PARTY (PARTY_NO, PARTY_TYPE, NAME, NAME_KANA, PREFECTURE, CITY, ADDRESS1, LAST_NAME, FIRST_NAME, LAST_NAME_KANA, FIRST_NAME_KANA, GENDER, DEL_FLG, REGIST_USER, REGIST_TIME, VERSION_NO) VALUES (31, '1', '品川 由紀', 'しながわ ゆき', 13, '港区', '高輪3丁目', '品川', '由紀', 'しながわ', 'ゆき', 2, '0', 1, current_timestamp, 1);
INSERT INTO YM_PARTY (PARTY_NO, PARTY_TYPE, NAME, NAME_KANA, PREFECTURE, CITY, ADDRESS1, CATEGORY, DEL_FLG, REGIST_USER, REGIST_TIME, VERSION_NO) VALUES (32, '3', '株式会社千駄ヶ谷', 'かぶしきがいしゃせんだがや', 13, '渋谷区', '千駄ヶ谷1丁目', 101, '0', 1, current_timestamp, 1);
INSERT INTO YM_PARTY (PARTY_NO, PARTY_TYPE, NAME, NAME_KANA, PREFECTURE, CITY, ADDRESS1, START_DATE, CATEGORY, ACCOUNT_MONTH, DEL_FLG, REGIST_USER, REGIST_TIME, UPDATE_USER, UPDATE_TIME, VERSION_NO) VALUES (33, '3', '信濃町有限会社', 'しなのまちゆうげんがいしゃ', 13, '新宿区', '信濃町', '1975-07-03', 102, 3, '0', 1, current_timestamp, 1, current_timestamp, 2);
INSERT INTO YM_PARTY (PARTY_NO, PARTY_TYPE, NAME, NAME_KANA, PREFECTURE, CITY, ADDRESS1, MAIL_ADDRESS1, START_DATE, MEMO, CATEGORY, PERSON_COUNT, CAPITAL, ACCOUNT_MONTH, DEL_FLG, REGIST_USER, REGIST_TIME, UPDATE_USER, UPDATE_TIME, VERSION_NO) VALUES (34, '3', '株式会社四ツ谷商事', 'かぶしきがいしゃよつやしょうじ', 13, '新宿区', '四谷1丁目', 'info@428.com', '1990-04-02', '&lt;p&gt;事業内容&lt;/p&gt;&lt;ul&gt;&lt;li&gt;健康食品の販売。&lt;/li&gt;&lt;li&gt;健康器具の輸出入。&lt;/li&gt;&lt;/ul&gt;', 101, 100, 10000000, 3, '0', 1, current_timestamp, 1, current_timestamp, 5);
INSERT INTO YM_PARTY (PARTY_NO, PARTY_TYPE, NAME, NAME_KANA, PREFECTURE, CITY, ADDRESS1, CATEGORY, DEL_FLG, REGIST_USER, REGIST_TIME, VERSION_NO) VALUES (35, '3', '医療法人市ヶ谷病院', 'いりょうほうじんいちがやびょういん', 13, '千代田区', '五番町', 118, '0', 1, current_timestamp, 1);
INSERT INTO YM_PARTY (PARTY_NO, PARTY_TYPE, NAME, NAME_KANA, PREFECTURE, CITY, ADDRESS1, CATEGORY, DEL_FLG, REGIST_USER, REGIST_TIME, VERSION_NO) VALUES (36, '3', '飯田橋不動産株式会社', 'いいだばしふどうさんかぶしきがいしゃ', 13, '千代田区', '飯田橋4丁目', 101, '0', 1, current_timestamp, 1);
INSERT INTO YM_PARTY (PARTY_NO, PARTY_TYPE, NAME, NAME_KANA, PREFECTURE, CITY, ADDRESS1, CATEGORY, DEL_FLG, REGIST_USER, REGIST_TIME, UPDATE_USER, UPDATE_TIME, VERSION_NO) VALUES (37, '3', '水道橋高等学校', 'すいどうばしこうとうがっこう', 13, '千代田区', '三崎町2丁目', 116, '0', 1, current_timestamp, 1, current_timestamp, 2);
INSERT INTO YM_PARTY (PARTY_NO, PARTY_TYPE, NAME, NAME_KANA, PREFECTURE, CITY, ADDRESS1, CATEGORY, DEL_FLG, REGIST_USER, REGIST_TIME, VERSION_NO) VALUES (38, '3', '御茶ノ水大学', 'おちゃのみずだいがく', 13, '千代田区', '神田駿河台２丁目', 116, '0', 1, current_timestamp, 1);
INSERT INTO YM_PARTY (PARTY_NO, PARTY_TYPE, NAME, NAME_KANA, PREFECTURE, CITY, ADDRESS1, MEMO, LAST_NAME, FIRST_NAME, LAST_NAME_KANA, FIRST_NAME_KANA, GENDER, DEL_FLG, REGIST_USER, REGIST_TIME, VERSION_NO) VALUES (39, '1', '渋谷 坂子', 'しぶや さかこ', 13, '渋谷区', '道玄坂1丁目', '渋谷道雄の妻。&lt;br&gt;専業主婦。&lt;br&gt;2人の子あり。', '渋谷', '坂子', 'しぶや', 'さかこ', 2, '0', 1, current_timestamp, 1);
INSERT INTO YM_PARTY (PARTY_NO, PARTY_TYPE, NAME, NAME_KANA, PREFECTURE, START_DATE, END_DATE, MEMO, LAST_NAME, FIRST_NAME, LAST_NAME_KANA, FIRST_NAME_KANA, GENDER, DEL_FLG, REGIST_USER, REGIST_TIME, VERSION_NO) VALUES (40, '1', '渋谷 玄一', 'しぶや げんいち', 10, '1939-05-10', '2004-11-25', '渋谷道雄の父。', '渋谷', '玄一', 'しぶや', 'げんいち', 1, '0', 1, current_timestamp, 1);
INSERT INTO YM_PARTY (PARTY_NO, PARTY_TYPE, NAME, NAME_KANA, PREFECTURE, CITY, ADDRESS1, MEMO, CATEGORY_NO, DEL_FLG, REGIST_USER, REGIST_TIME, UPDATE_USER, UPDATE_TIME, VERSION_NO) VALUES (41, '4', '四ツ谷ビル', 'よつやびる', 13, '新宿区', '四谷1丁目', '&lt;span id=&quot;dgTbl&quot;&gt;株式会社四ツ谷商事の本社ビル。&lt;br&gt;&lt;/span&gt;4階建て。', 1, '0', 1, current_timestamp, 4, current_timestamp, 2);

-- YM_PARTY_RELATION
INSERT INTO YM_PARTY_RELATION(RELATION_NO, RELATION_TYPE, PARTY1, ROLE1, PARTY2, ROLE2, TERM_FROM, REGIST_USER, REGIST_TIME, VERSION_NO) VALUES (1, 2, 2, '組織', 1, '代表取締役', '2004-10-14', 1, current_timestamp, 0);
INSERT INTO YM_PARTY_RELATION(RELATION_NO, RELATION_TYPE, PARTY1, ROLE1, PARTY2, ROLE2, TERM_FROM, REGIST_USER, REGIST_TIME, VERSION_NO) VALUES (2, 11, 34, '勤務先', 21, '勤務者', '1999-06-15', 1, current_timestamp, 1);
INSERT INTO YM_PARTY_RELATION(RELATION_NO, RELATION_TYPE, PARTY1, ROLE1, PARTY2, ROLE2, TERM_FROM, REGIST_USER, REGIST_TIME, UPDATE_USER, UPDATE_TIME, VERSION_NO) VALUES (3, 11, 34, '勤務先', 1, '勤務者', '2005-06-01', 1, current_timestamp, 1, current_timestamp, 2);
INSERT INTO YM_PARTY_RELATION(RELATION_NO, RELATION_TYPE, PARTY1, ROLE1, PARTY2, ROLE2, REGIST_USER, REGIST_TIME, UPDATE_USER, UPDATE_TIME, VERSION_NO) VALUES (4, 12, 34, '所属先', 3, '所属者', 1, current_timestamp, 1, current_timestamp, 2);
INSERT INTO YM_PARTY_RELATION(RELATION_NO, RELATION_TYPE, PARTY1, ROLE1, PARTY2, ROLE2, REGIST_USER, REGIST_TIME, VERSION_NO) VALUES (5, 9, 34, '取引先', 2, '取引先', 1, current_timestamp, 1);
INSERT INTO YM_PARTY_RELATION(RELATION_NO, RELATION_TYPE, PARTY1, ROLE1, PARTY2, ROLE2, TERM_FROM, REGIST_USER, REGIST_TIME, VERSION_NO) VALUES (6, 11, 34, '勤務先', 4, '勤務者', '1998-04-01', 1, current_timestamp, 1);
INSERT INTO YM_PARTY_RELATION(RELATION_NO, RELATION_TYPE, PARTY1, ROLE1, PARTY2, ROLE2, TERM_FROM, REGIST_USER, REGIST_TIME, VERSION_NO) VALUES (7, 11, 34, '勤務先', 5, '勤務者', '2000-04-01', 1, current_timestamp, 1);
INSERT INTO YM_PARTY_RELATION(RELATION_NO, RELATION_TYPE, PARTY1, ROLE1, PARTY2, ROLE2, TERM_FROM, REGIST_USER, REGIST_TIME, UPDATE_USER, UPDATE_TIME, VERSION_NO) VALUES (8, 11, 34, '勤務先', 6, '勤務者', '1995-04-03', 1, current_timestamp, 1, current_timestamp, 2);
INSERT INTO YM_PARTY_RELATION(RELATION_NO, RELATION_TYPE, PARTY1, ROLE1, PARTY2, ROLE2, TERM_FROM, REGIST_USER, REGIST_TIME, VERSION_NO) VALUES (9, 11, 34, '勤務先', 7, '勤務者', '2009-04-01', 1, current_timestamp, 1);
INSERT INTO YM_PARTY_RELATION(RELATION_NO, RELATION_TYPE, PARTY1, ROLE1, PARTY2, ROLE2, TERM_FROM, REGIST_USER, REGIST_TIME, UPDATE_USER, UPDATE_TIME, VERSION_NO) VALUES (10, 11, 34, '勤務先', 8, '勤務者', '1990-04-02', 1, current_timestamp, 1, current_timestamp, 2);
INSERT INTO YM_PARTY_RELATION(RELATION_NO, RELATION_TYPE, PARTY1, ROLE1, PARTY2, ROLE2, TERM_FROM, REGIST_USER, REGIST_TIME, VERSION_NO) VALUES (11, 11, 34, '勤務先', 9, '勤務者', '2004-09-01', 1, current_timestamp, 1);
INSERT INTO YM_PARTY_RELATION(RELATION_NO, RELATION_TYPE, PARTY1, ROLE1, PARTY2, ROLE2, TERM_FROM, REGIST_USER, REGIST_TIME, VERSION_NO) VALUES (12, 11, 34, '勤務先', 10, '勤務者', '1997-04-01', 1, current_timestamp, 1);
INSERT INTO YM_PARTY_RELATION(RELATION_NO, RELATION_TYPE, PARTY1, ROLE1, PARTY2, ROLE2, TERM_FROM, REGIST_USER, REGIST_TIME, VERSION_NO) VALUES (13, 11, 34, '勤務先', 11, '勤務者', '2007-04-02', 1, current_timestamp, 1);
INSERT INTO YM_PARTY_RELATION(RELATION_NO, RELATION_TYPE, PARTY1, ROLE1, PARTY2, ROLE2, TERM_FROM, TERM_TO, REGIST_USER, REGIST_TIME, VERSION_NO) VALUES (14, 11, 34, '勤務先', 12, '勤務者', '1990-04-02', '2009-06-16', 1, current_timestamp, 1);
INSERT INTO YM_PARTY_RELATION(RELATION_NO, RELATION_TYPE, PARTY1, ROLE1, PARTY2, ROLE2, TERM_FROM, REGIST_USER, REGIST_TIME, VERSION_NO) VALUES (15, 11, 34, '勤務先', 24, '勤務者', '1992-04-01', 1, current_timestamp, 1);
INSERT INTO YM_PARTY_RELATION(RELATION_NO, RELATION_TYPE, PARTY1, ROLE1, PARTY2, ROLE2, TERM_FROM, REGIST_USER, REGIST_TIME, VERSION_NO) VALUES (16, 2, 34, '組織', 6, '代表者', '2008-07-01', 1, current_timestamp, 1);
INSERT INTO YM_PARTY_RELATION(RELATION_NO, RELATION_TYPE, PARTY1, ROLE1, PARTY2, ROLE2, REGIST_USER, REGIST_TIME, VERSION_NO) VALUES (17, 3, 40, '親', 8, '子', 1, current_timestamp, 1);
INSERT INTO YM_PARTY_RELATION(RELATION_NO, RELATION_TYPE, PARTY1, ROLE1, PARTY2, ROLE2, TERM_FROM, REGIST_USER, REGIST_TIME, UPDATE_USER, UPDATE_TIME, VERSION_NO) VALUES (18, 5, 8, '夫', 39, '妻', '1997-06-22', 1, current_timestamp, 1, current_timestamp, 2);
INSERT INTO YM_PARTY_RELATION(RELATION_NO, RELATION_TYPE, PARTY1, ROLE1, PARTY2, ROLE2, REGIST_USER, REGIST_TIME, VERSION_NO) VALUES (19, 14, 34, '所有者', 41, '所有物', 1, current_timestamp, 1);
INSERT INTO YM_PARTY_RELATION(RELATION_NO, RELATION_TYPE, PARTY1, ROLE1, PARTY2, ROLE2, REGIST_USER, REGIST_TIME, VERSION_NO) VALUES (20, 2, 3, '組織', 8, '総務部長', 1, current_timestamp, 1);

-- YM_EVENTVIEW
INSERT INTO YM_EVENTVIEW (EVENTVIEW_NO, OWNER, NAME, SEQ, JAPANESE_HOLIDAY, DEL_FLG, UPDATE_USER, UPDATE_TIME, VERSION_NO) VALUES (1, 1, 'イベントビュー1', 1, '1', '0', 4, current_timestamp, 1);

-- YM_EVENTSET
INSERT INTO YM_EVENTSET (EVENTSET_NO, EVENTSET_TYPE, NAME, OWNER, DEL_FLG, UPDATE_USER, UPDATE_TIME, VERSION_NO) VALUES (1, '0', '日本の休日・記念日', 1, '0', 4, current_timestamp, 1);

-- YM_EVENT
INSERT INTO YM_EVENT (EVENT_NO, EVENTSET_NO, EVENT_CLASS, EVENT_TYPE, NAME, TERM_FROM, TERM_TO, START_TIME, END_TIME, REP_MONTH, REP_DAY, DEL_FLG, UPDATE_USER, UPDATE_TIME, VERSION_NO) VALUES (1, 1, '1', 1, '元日', '00000000', '99999999', ' ', ' ', 1, 1, '0', 4, current_timestamp, 1);
INSERT INTO YM_EVENT (EVENT_NO, EVENTSET_NO, EVENT_CLASS, EVENT_TYPE, NAME, TERM_FROM, TERM_TO, START_TIME, END_TIME, REP_MONTH, REP_DAY, DEL_FLG, UPDATE_USER, UPDATE_TIME, VERSION_NO) VALUES (2, 1, '1', 1, '建国記念の日', '00000000', '99999999', ' ', ' ', 2, 11, '0', 4, current_timestamp, 1);
INSERT INTO YM_EVENT (EVENT_NO, EVENTSET_NO, EVENT_CLASS, EVENT_TYPE, NAME, TERM_FROM, TERM_TO, START_TIME, END_TIME, REP_MONTH, REP_DAY, DEL_FLG, UPDATE_USER, UPDATE_TIME, VERSION_NO) VALUES (3, 1, '1', 1, 'みどりの日', '00000000', '20060429', ' ', ' ', 4, 29, '0', 4, current_timestamp, 1);
INSERT INTO YM_EVENT (EVENT_NO, EVENTSET_NO, EVENT_CLASS, EVENT_TYPE, NAME, TERM_FROM, TERM_TO, START_TIME, END_TIME, REP_MONTH, REP_DAY, DEL_FLG, UPDATE_USER, UPDATE_TIME, VERSION_NO) VALUES (4, 1, '1', 1, '昭和の日', '20070101', '99999999', ' ', ' ', 4, 29, '0', 4, current_timestamp, 1);
INSERT INTO YM_EVENT (EVENT_NO, EVENTSET_NO, EVENT_CLASS, EVENT_TYPE, NAME, TERM_FROM, TERM_TO, START_TIME, END_TIME, REP_MONTH, REP_DAY, DEL_FLG, UPDATE_USER, UPDATE_TIME, VERSION_NO) VALUES (5, 1, '1', 1, '憲法記念日', '00000000', '99999999', ' ', ' ', 5, 3, '0', 4, current_timestamp, 1);
INSERT INTO YM_EVENT (EVENT_NO, EVENTSET_NO, EVENT_CLASS, EVENT_TYPE, NAME, TERM_FROM, TERM_TO, START_TIME, END_TIME, REP_MONTH, REP_DAY, DEL_FLG, UPDATE_USER, UPDATE_TIME, VERSION_NO) VALUES (6, 1, '1', 1, '国民の休日', '00000000', '20060504', ' ', ' ', 5, 4, '0', 4, current_timestamp, 1);
INSERT INTO YM_EVENT (EVENT_NO, EVENTSET_NO, EVENT_CLASS, EVENT_TYPE, NAME, TERM_FROM, TERM_TO, START_TIME, END_TIME, REP_MONTH, REP_DAY, DEL_FLG, UPDATE_USER, UPDATE_TIME, VERSION_NO) VALUES (7, 1, '1', 1, 'みどりの日', '20070101', '99999999', ' ', ' ', 5, 4, '0', 4, current_timestamp, 1);
INSERT INTO YM_EVENT (EVENT_NO, EVENTSET_NO, EVENT_CLASS, EVENT_TYPE, NAME, TERM_FROM, TERM_TO, START_TIME, END_TIME, REP_MONTH, REP_DAY, DEL_FLG, UPDATE_USER, UPDATE_TIME, VERSION_NO) VALUES (8, 1, '1', 1, 'こどもの日', '00000000', '99999999', ' ', ' ', 5, 5, '0', 4, current_timestamp, 1);
INSERT INTO YM_EVENT (EVENT_NO, EVENTSET_NO, EVENT_CLASS, EVENT_TYPE, NAME, TERM_FROM, TERM_TO, START_TIME, END_TIME, REP_MONTH, REP_DAY, DEL_FLG, UPDATE_USER, UPDATE_TIME, VERSION_NO) VALUES (9, 1, '1', 1, '文化の日', '00000000', '99999999', ' ', ' ', 11, 3, '0', 4, current_timestamp, 1);
INSERT INTO YM_EVENT (EVENT_NO, EVENTSET_NO, EVENT_CLASS, EVENT_TYPE, NAME, TERM_FROM, TERM_TO, START_TIME, END_TIME, REP_MONTH, REP_DAY, DEL_FLG, UPDATE_USER, UPDATE_TIME, VERSION_NO) VALUES (10, 1, '1', 1, '勤労感謝の日', '00000000', '99999999', ' ', ' ', 11, 23, '0', 4, current_timestamp, 1);
INSERT INTO YM_EVENT (EVENT_NO, EVENTSET_NO, EVENT_CLASS, EVENT_TYPE, NAME, TERM_FROM, TERM_TO, START_TIME, END_TIME, REP_MONTH, REP_DAY, DEL_FLG, UPDATE_USER, UPDATE_TIME, VERSION_NO) VALUES (11, 1, '1', 1, '天皇誕生日', '19891223', '99999999', ' ', ' ', 12, 23, '0', 4, current_timestamp, 1);
INSERT INTO YM_EVENT (EVENT_NO, EVENTSET_NO, EVENT_CLASS, EVENT_TYPE, NAME, TERM_FROM, TERM_TO, START_TIME, END_TIME, REP_MONTH, REP_WEEK, DEL_FLG, UPDATE_USER, UPDATE_TIME, VERSION_NO) VALUES (12, 1, '1', 3, '成人の日', '00000000', '99999999', ' ', ' ', 1, 2, '0', 4, current_timestamp, 1);
INSERT INTO YM_EVENT (EVENT_NO, EVENTSET_NO, EVENT_CLASS, EVENT_TYPE, NAME, TERM_FROM, TERM_TO, START_TIME, END_TIME, REP_MONTH, REP_WEEK, DEL_FLG, UPDATE_USER, UPDATE_TIME, VERSION_NO) VALUES (13, 1, '1', 3, '海の日', '00000000', '99999999', ' ', ' ', 7, 3, '0', 4, current_timestamp, 1);
INSERT INTO YM_EVENT (EVENT_NO, EVENTSET_NO, EVENT_CLASS, EVENT_TYPE, NAME, TERM_FROM, TERM_TO, START_TIME, END_TIME, REP_MONTH, REP_WEEK, DEL_FLG, UPDATE_USER, UPDATE_TIME, VERSION_NO) VALUES (14, 1, '1', 3, '敬老の日', '00000000', '99999999', ' ', ' ', 9, 3, '0', 4, current_timestamp, 1);
INSERT INTO YM_EVENT (EVENT_NO, EVENTSET_NO, EVENT_CLASS, EVENT_TYPE, NAME, TERM_FROM, TERM_TO, START_TIME, END_TIME, REP_MONTH, REP_WEEK, DEL_FLG, UPDATE_USER, UPDATE_TIME, VERSION_NO) VALUES (15, 1, '1', 3, '体育の日', '00000000', '99999999', ' ', ' ', 10, 2, '0', 4, current_timestamp, 1);
INSERT INTO YM_EVENT (EVENT_NO, EVENTSET_NO, EVENT_CLASS, EVENT_TYPE, NAME, TERM_FROM, TERM_TO, START_TIME, END_TIME, INCLUDE_DAYS, DEL_FLG, UPDATE_USER, UPDATE_TIME, VERSION_NO) VALUES (16, 1, '1', 2, '春分の日', '00000000', '99999999', ' ', ' ', '20050320,20060321,20070321,20080320,20090320,20100321,20110321,20120320,20130320,20140321,20150321,20160320,20170320,20180321,20190321,20200320', '0', 4, current_timestamp, 1);
INSERT INTO YM_EVENT (EVENT_NO, EVENTSET_NO, EVENT_CLASS, EVENT_TYPE, NAME, TERM_FROM, TERM_TO, START_TIME, END_TIME, INCLUDE_DAYS, DEL_FLG, UPDATE_USER, UPDATE_TIME, VERSION_NO) VALUES (17, 1, '1', 2, '秋分の日', '00000000', '99999999', ' ', ' ', '20050923,20060923,20070923,20080923,20090923,20100923,20110923,20120922,20130923,20140923,20150923,20160922,20170923,20180923,20190923,20200922', '0', 4, current_timestamp, 1);
INSERT INTO YM_EVENT (EVENT_NO, EVENTSET_NO, EVENT_CLASS, EVENT_TYPE, NAME, TERM_FROM, TERM_TO, START_TIME, END_TIME, REP_MONTH, REP_DAY, DEL_FLG, UPDATE_USER, UPDATE_TIME, VERSION_NO) VALUES (18, 1, '1', 6, 'ひな祭り', '00000000', '99999999', ' ', ' ', 3, 3, '0', 4, current_timestamp, 1);
INSERT INTO YM_EVENT (EVENT_NO, EVENTSET_NO, EVENT_CLASS, EVENT_TYPE, NAME, TERM_FROM, TERM_TO, START_TIME, END_TIME, REP_MONTH, REP_DAY, DEL_FLG, UPDATE_USER, UPDATE_TIME, VERSION_NO) VALUES (19, 1, '1', 6, '七夕', '00000000', '99999999', ' ', ' ', 7, 7, '0', 4, current_timestamp, 1);
INSERT INTO YM_EVENT (EVENT_NO, EVENTSET_NO, EVENT_CLASS, EVENT_TYPE, NAME, TERM_FROM, TERM_TO, START_TIME, END_TIME, REP_MONTH, REP_DAY, DEL_FLG, UPDATE_USER, UPDATE_TIME, VERSION_NO) VALUES (20, 1, '1', 6, 'クリスマス', '00000000', '99999999', ' ', ' ', 12, 25, '0', 4, current_timestamp, 1);
INSERT INTO YM_EVENT (EVENT_NO, EVENTSET_NO, EVENT_CLASS, EVENT_TYPE, NAME, TERM_FROM, TERM_TO, START_TIME, END_TIME, REP_MONTH, REP_WEEK, DEL_FLG, UPDATE_USER, UPDATE_TIME, VERSION_NO) VALUES (21, 1, '1', 7, '母の日', '00000000', '99999999', ' ', ' ', 5, 2, '0', 4, current_timestamp, 1);
INSERT INTO YM_EVENT (EVENT_NO, EVENTSET_NO, EVENT_CLASS, EVENT_TYPE, NAME, TERM_FROM, TERM_TO, START_TIME, END_TIME, REP_MONTH, REP_WEEK, DEL_FLG, UPDATE_USER, UPDATE_TIME, VERSION_NO) VALUES (22, 1, '1', 7, '父の日', '00000000', '99999999', ' ', ' ', 6, 3, '0', 4, current_timestamp, 1);
